OBJECTID,GIS_ID,NAME,WEB_URL,EXIT_TO_ST,FEATURECOD,DESCRIPTIO,CAPTUREYEA,LINE,ADDRESS_ID,ADDRESS,Latitude,Longitude,VISITORS
1,mstn_055,FRANCONIA-SPRINGF'LD,http://www.wmata.com/rail/station_detail.cfm?station_id=95,SOUTH SIDE OF FRANCONIA-SPRINGFIELD PKWY,,Metro Station Entrance,2016-01-08T00:00:00.000Z,blue,,"6880 FRONTIER DRIVE, SPRINGFIELD, VA  22150",38.788017,-77.1716,16433
2,mstn_084,VIRGINIA SQUARE | GMU ELEVATOR,http://www.wmata.com/rail/station_detail.cfm?station_id=98,SOUTH SIDE OF N FAIRFAX DR BETWEEN N NELSON ST AND N MONROE ST,,Metro Station Entrance,2016-01-08T00:00:00.000Z,orange,,"3600 FAIRFAX DRIVE, ARLINGTON, VA 22201",38.8829435,-77.1033092,8709
2,mstn_084,VIRGINIA SQUARE | GMU ELEVATOR,http://www.wmata.com/rail/station_detail.cfm?station_id=98,SOUTH SIDE OF N FAIRFAX DR BETWEEN N NELSON ST AND N MONROE ST,,Metro Station Entrance,2016-01-08T00:00:00.000Z,silver,,"3600 FAIRFAX DRIVE, ARLINGTON, VA 22201",38.8829435,-77.1033092,19111
3,mstn_060,GROSVENOR-STRATHMORE,http://www.wmata.com/rail/station_detail.cfm?station_id=14,SE OF TUCKERMAN LN AND ROCKVILLE PIKE,,Metro Station Entrance,2016-01-08T00:00:00.000Z,red,,"10300 ROCKVILLE PIKE, ROCKVILLE, MD 20852",39.02590105,-77.1042571234207,45861
5,mstn_010,DUPONT CIRCLE,http://www.wmata.com/rail/station_detail.cfm?station_id=6,SE CORNER OF 19TH STREET NW AND DUPONT CIRCLE NW,1370,Metro Station Entrance,2016-01-08T00:00:00.000Z,red,294836,"1351 19TH ST NW, WASHINGTON, DC 20036",38.90849363502093,-77.04332808684022,7913
6,mstn_046,BALLSTON ELEVATOR,http://www.wmata.com/rail/station_detail.cfm?station_id=99,SW CORNER OF N FAIRFAX DR AND N STUART ST,,Metro Station Entrance,2016-01-08T00:00:00.000Z,orange,,"4230 FAIRFAX DRIVE, ARLINGTON, VA 22201",38.8820057,-77.1115141,48511
6,mstn_046,BALLSTON ELEVATOR,http://www.wmata.com/rail/station_detail.cfm?station_id=99,SW CORNER OF N FAIRFAX DR AND N STUART ST,,Metro Station Entrance,2016-01-08T00:00:00.000Z,silver,,"4230 FAIRFAX DRIVE, ARLINGTON, VA 22201",38.8820057,-77.1115141,21542
7,mstn_047,CLARENDON,http://www.wmata.com/rail/station_detail.cfm?station_id=97,WEST SIDE OF N HIGHLAND ST BETWEEN WILSON BLVD AND CLARENDON BLVD,,Metro Station Entrance,2016-01-08T00:00:00.000Z,orange,,"3100 WILSON BOULEVARD, ARLINGTON, VA 22201",38.887075,-77.0952496,6253
7,mstn_047,CLARENDON,http://www.wmata.com/rail/station_detail.cfm?station_id=97,WEST SIDE OF N HIGHLAND ST BETWEEN WILSON BLVD AND CLARENDON BLVD,,Metro Station Entrance,2016-01-08T00:00:00.000Z,silver,,"3100 WILSON BOULEVARD, ARLINGTON, VA 22201",38.887075,-77.0952496,17204
9,mstn_002,BENNING ROAD ELEVATOR,http://www.wmata.com/rail/station_detail.cfm?station_id=90,NE CORNER OF BENNING ROAD NE AND CENTRAL AVENUE NE,1370,Metro Station Entrance,2016-01-08T00:00:00.000Z,blue,294851,"4500 BENNING ROAD NE, WASHINGTON, DC 20019",38.8904471,-76.9375326,12737
9,mstn_002,BENNING ROAD ELEVATOR,http://www.wmata.com/rail/station_detail.cfm?station_id=90,NE CORNER OF BENNING ROAD NE AND CENTRAL AVENUE NE,1370,Metro Station Entrance,2016-01-08T00:00:00.000Z,silver,294851,"4500 BENNING ROAD NE, WASHINGTON, DC 20019",38.8904471,-76.9375326,1476
10,mstn_049,COURT HOUSE ELEVATOR,http://www.wmata.com/rail/station_detail.cfm?station_id=96,SE CORNER OF CLARENDON BLVD AND 15TH ST N,,Metro Station Entrance,2016-01-08T00:00:00.000Z,orange,,"2100 WILSON BOULEVARD, ARLINGTON, VA 22201",38.8907825,-77.0856426,1782
10,mstn_049,COURT HOUSE ELEVATOR,http://www.wmata.com/rail/station_detail.cfm?station_id=96,SE CORNER OF CLARENDON BLVD AND 15TH ST N,,Metro Station Entrance,2016-01-08T00:00:00.000Z,silver,,"2100 WILSON BOULEVARD, ARLINGTON, VA 22201",38.8907825,-77.0856426,5699
14,mstn_051,DUNN LORING,http://www.wmata.com/rail/station_detail.cfm?station_id=102,BY GALLOWS ROAD AND I 66 HWY,,Metro Station Entrance,2016-01-08T00:00:00.000Z,orange,,"2700 GALLOWS ROAD, VIENNA, VA 22180",38.8833529,-77.22812,10699
15,mstn_083,VIENNA | FAIRFAX-GMU,http://www.wmata.com/rail/station_detail.cfm?station_id=103,WEST SIDE OF VADEN DR BETWEEN I - 66 W AND I - 66 E,,Metro Station Entrance,2016-01-08T00:00:00.000Z,orange,,"9550 SAINTSBURY DRIVE, FAIRFAX, VA 22031",38.8776013,-77.2722884,2406
18,mstn_003,BROOKLAND | CUA,http://www.wmata.com/rail/station_detail.cfm?station_id=27,9TH STREET NE BETWEEN BUNKER HILL RD NE AND MONROE ST NE,1370,Metro Station Entrance,2016-01-08T00:00:00.000Z,red,294853,"801 MICHIGAN AVENUE NE, WASHINGTON, DC 20017",38.933211,-76.9945344,3163
19,mstn_043,CAPITOL HEIGHTS ELEVATOR,http://www.wmata.com/rail/station_detail.cfm?station_id=91,NORTH SIDE OF DAVEY ST BETWEEN SOUTHERN AVE AND EAST CAPITOL ST,,Metro Station Entrance,2016-01-08T00:00:00.000Z,silver,,"133 CENTRAL AVENUE, CAPITOL HEIGHTS, MD 20743",38.8892677,-76.9131648,14560
19,mstn_043,CAPITOL HEIGHTS ELEVATOR,http://www.wmata.com/rail/station_detail.cfm?station_id=91,NORTH SIDE OF DAVEY ST BETWEEN SOUTHERN AVE AND EAST CAPITOL ST,,Metro Station Entrance,2016-01-08T00:00:00.000Z,blue,,"133 CENTRAL AVENUE, CAPITOL HEIGHTS, MD 20743",38.8892677,-76.9131648,5485
20,mstn_044,ADDISON ROAD | SEAT PLEASANT,http://www.wmata.com/rail/station_detail.cfm?station_id=92,SW CORNER OF CENTRAL AVENUE AND ADDISON RD S,,Metro Station Entrance,2016-01-08T00:00:00.000Z,silver,,"100 ADDISON ROAD S, CAPITOL HEIGHTS, MD 20743",38.8867225,-76.8944056,7470
20,mstn_044,ADDISON ROAD | SEAT PLEASANT,http://www.wmata.com/rail/station_detail.cfm?station_id=92,SW CORNER OF CENTRAL AVENUE AND ADDISON RD S,,Metro Station Entrance,2016-01-08T00:00:00.000Z,blue,,"100 ADDISON ROAD S, CAPITOL HEIGHTS, MD 20743",38.8867225,-76.8944056,5479
22,mstn_017,FORT TOTTEN,http://www.wmata.com/rail/station_detail.cfm?station_id=28,NORTH SIDE OF GALLOWAY STREET NE,1370,Metro Station Entrance,2016-01-08T00:00:00.000Z,red,294852,"550 GALLOWAY STREET NE, WASHINGTON, DC 20011",38.9517337,-77.0026753,9866
22,mstn_017,FORT TOTTEN,http://www.wmata.com/rail/station_detail.cfm?station_id=28,NORTH SIDE OF GALLOWAY STREET NE,1370,Metro Station Entrance,2016-01-08T00:00:00.000Z,green,294852,"550 GALLOWAY STREET NE, WASHINGTON, DC 20011",38.9517337,-77.0026753,3472
22,mstn_017,FORT TOTTEN,http://www.wmata.com/rail/station_detail.cfm?station_id=28,NORTH SIDE OF GALLOWAY STREET NE,1370,Metro Station Entrance,2016-01-08T00:00:00.000Z,yellow,294852,"550 GALLOWAY STREET NE, WASHINGTON, DC 20011",38.9517337,-77.0026753,22763
23,mstn_001,ANACOSTIA,http://www.wmata.com/rail/station_detail.cfm?station_id=85,INTERSECTION OF HOWARD ROAD SE AND SHANNON PLACE SE,1370,Metro Station Entrance,2016-01-08T00:00:00.000Z,green,294867,"1101 HOWARD ROAD SE, WASHINGTON, DC 20020",38.8621924,-76.9953319,2950
25,mstn_008,CONGRESS HEIGHTS,http://www.wmata.com/rail/station_detail.cfm?station_id=86,NORTH SIDE OF ALABAMA AVENUE SE AT 13TH STREET SE,1370,Metro Station Entrance,2016-01-08T00:00:00.000Z,green,294865,"1290 ALABAMA AVENUE SE, WASHINGTON, DC 20020",38.8451339,-76.988078,1409
27,mstn_077,SOUTHERN AVE,http://www.wmata.com/rail/station_detail.cfm?station_id=107,SW CORNER OF SOUTHERN AVE SE AND VALLEY TERRACE SE,,Metro Station Entrance,2016-01-08T00:00:00.000Z,green,,"1411 SOUTHERN AVENUE, TEMPLE HILLS, MD 20748",,,12176
29,mstn_068,NAYLOR ROAD,http://www.wmata.com/rail/station_detail.cfm?station_id=87,EAST SIDE OF NAYLOR RD BETWEEN SUITLAND PKY AND BRANCH AVE MD-5 N,,Metro Station Entrance,2016-01-08T00:00:00.000Z,green,,"3101 BRANCH AVENUE, TEMPLE HILLS, MD 20748",38.851128,-76.9566758,11869
32,mstn_059,GREENSBORO,http://www.wmata.com/rail/station_detail.cfm?station_id=113,NORTH SIDE OF VA-7 W AND LEESBURG PIKE,,Metro Station Entrance,2016-01-08T00:00:00.000Z,silver,,"8304 LEESBURG PIKE, VIENNA VA 22182",,,6309
34,mstn_085,W FALLS CHURVH | VT | UVA,http://www.wmata.com/rail/station_detail.cfm?station_id=101,WEST SIDE OF DULLES TOLL RD BETWEEN I - 66 W AND I -66 E,,Metro Station Entrance,2016-01-08T00:00:00.000Z,orange,,"7040 HAYCOCK ROAD, FALLS CHURCH, VA 22043",38.9007928,-77.1889651,14100
36,mstn_044,CHEVERLY ELEVATOR,http://www.wmata.com/rail/station_detail.cfm?station_id=66,SW CORNER OF JOHN HANSON HWY AND COLUMBIA PARK RD,,Metro Station Entrance,2016-01-08T00:00:00.000Z,orange,,"5501 COLUMBIA PARK ROAD, CHEVERLY, MD 20785",38.91648025,-76.91689685194166,13828
37,mstn_025,MINNESOTA AVE,http://www.wmata.com/rail/station_detail.cfm?station_id=64,NW SIDE OF MINNESOTA AVENUE NE,1370,Metro Station Entrance,2016-01-08T00:00:00.000Z,orange,294856,"4000 MINNESOTA AVENUE NE, WASHINGTON, DC 20019",38.89528,-76.94918,6804
39,mstn_070,PENTAGON,http://www.wmata.com/rail/station_detail.cfm?station_id=43,NW CORNER OF N ROTARY RD AND S EADS ST,,Metro Station Entrance,2016-01-08T00:00:00.000Z,blue,,"2 SOUTH ROTARY ROAD, ARLINGTON, VA 22202",,,18435
39,mstn_070,PENTAGON,http://www.wmata.com/rail/station_detail.cfm?station_id=43,NW CORNER OF N ROTARY RD AND S EADS ST,,Metro Station Entrance,2016-01-08T00:00:00.000Z,yellow,,"2 SOUTH ROTARY ROAD, ARLINGTON, VA 22202",,,28039
41,mstn_053,EISENHOWER AVENUE,http://www.wmata.com/rail/station_detail.cfm?station_id=49,SOUTH SIDE OF EISENHOWER AVE,,Metro Station Entrance,2016-01-08T00:00:00.000Z,yellow,,"2400 EISENHOWER AVENUE, ALEXANDRIA, VA 22314",38.801464,-77.073252,7340
43,mstn_062,KING STREET,http://www.wmata.com/rail/station_detail.cfm?station_id=48,NE CORNER OF CALLAHAN DR AND KING ST,,Metro Station Entrance,2016-01-08T00:00:00.000Z,blue,,"1900 KING STREET, ALEXANDRIA, VA 22301",38.8065306,-77.0610459,26526
43,mstn_062,KING STREET,http://www.wmata.com/rail/station_detail.cfm?station_id=48,NE CORNER OF CALLAHAN DR AND KING ST,,Metro Station Entrance,2016-01-08T00:00:00.000Z,yellow,,"1900 KING STREET, ALEXANDRIA, VA 22301",38.8065306,-77.0610459,6193
44,mstn_007,COLUMBIA HEIGHTS ELEVATOR,http://www.wmata.com/rail/station_detail.cfm?station_id=75,SW CORNER OF IRVING STREET NW AND 14TH STREET NW,1370,Metro Station Entrance,2016-01-08T00:00:00.000Z,green,294815,"3030 14TH STREET NW, WASHINGTON, DC 20009",38.92860025,-77.03303350148352,8306
44,mstn_007,COLUMBIA HEIGHTS ELEVATOR,http://www.wmata.com/rail/station_detail.cfm?station_id=75,SW CORNER OF IRVING STREET NW AND 14TH STREET NW,1370,Metro Station Entrance,2016-01-08T00:00:00.000Z,yellow,294815,"3030 14TH STREET NW, WASHINGTON, DC 20009",38.92860025,-77.03303350148352,3308
46,mstn_048,COLLEGE PARK ELEVATOR,http://www.wmata.com/rail/station_detail.cfm?station_id=79,NORTH SIDE OF CALVERT RD BETWEEN COLUMBIA AVE AND PAINT BRANCH PKY,,Metro Station Entrance,2016-01-08T00:00:00.000Z,green,,"4931 CALVERT ROAD, COLLEGE PARK, MD 20740",38.9784587,-76.9282678,22536
48,mstn_090,MORGAN BOULEVARD,http://www.wmata.com/rail/station_detail.cfm?station_id=110,WEST SIDE OF GARRET A MORGAN BLVD,,Metro Station Entrance,2016-01-08T00:00:00.000Z,blue,,"300 GARRETT MORGAN BOULEVARD, LANDOVER, MD 20785",38.893744,-76.8683427,9305
48,mstn_090,MORGAN BOULEVARD,http://www.wmata.com/rail/station_detail.cfm?station_id=110,WEST SIDE OF GARRET A MORGAN BLVD,,Metro Station Entrance,2016-01-08T00:00:00.000Z,silver,,"300 GARRETT MORGAN BOULEVARD, LANDOVER, MD 20785",38.893744,-76.8683427,27279
50,mstn_009,DEANWOOD ELEVATOR,http://www.wmata.com/rail/station_detail.cfm?station_id=65,SOUTH SIDE OF POLK STREET NE AT OLIVE STREET NE,1370,Metro Station Entrance,2016-01-08T00:00:00.000Z,orange,294858,"4720 MINNESOTA AVENUE NE, WASHINGTON, DC 20019",38.90765503615892,-76.93441532086011,5246
51,mstn_014,FEDERAL CENTER SW ELEVATOR,http://www.wmata.com/rail/station_detail.cfm?station_id=58,D STREET SW BETWEEN 3RD STREET SW AND 4TH STREET SW,1370,Metro Station Entrance,2016-01-08T00:00:00.000Z,blue,294808,"401 3RD STREET SW, WASHINGTON, DC 20024",38.8851184,-77.0150823,14353
51,mstn_014,FEDERAL CENTER SW ELEVATOR,http://www.wmata.com/rail/station_detail.cfm?station_id=58,D STREET SW BETWEEN 3RD STREET SW AND 4TH STREET SW,1370,Metro Station Entrance,2016-01-08T00:00:00.000Z,orange,294808,"401 3RD STREET SW, WASHINGTON, DC 20024",38.8851184,-77.0150823,46554
51,mstn_014,FEDERAL CENTER SW ELEVATOR,http://www.wmata.com/rail/station_detail.cfm?station_id=58,D STREET SW BETWEEN 3RD STREET SW AND 4TH STREET SW,1370,Metro Station Entrance,2016-01-08T00:00:00.000Z,silver,294808,"401 3RD STREET SW, WASHINGTON, DC 20024",38.8851184,-77.0150823,9648
52,mstn_054,FOREST GLEN,http://www.wmata.com/rail/station_detail.cfm?station_id=32,SW CORNER OF FOREST GLEN RD AND GEORGIA AVE,,Metro Station Entrance,2016-01-08T00:00:00.000Z,red,,"9730 GEORGIA AVENUE, FOREST GLEN, MD 20910",39.0152846,-77.0431475,47810
53,mstn_057,GLENMONT,http://www.wmata.com/rail/station_detail.cfm?station_id=34,EAST SIDE OF GEORGIA AVE,,Metro Station Entrance,2016-01-08T00:00:00.000Z,red,,"12501 GEORGIA AVENUE, SILVER SPRING, MD 20906",39.0617838,-77.0535574,728
56,mstn_028,NAVY YARD-BALLPARK ELEVATOR,http://www.wmata.com/rail/station_detail.cfm?station_id=84,NW CORNER OF NEW JERSEY AVENUE SE AND M STREET SE,1370,Metro Station Entrance,2016-01-08T00:00:00.000Z,green,294869,"1155 NEW JERSEY AVENUE SE, WASHINGTON, DC 20003",38.876943775510206,-77.00445763265306,7416
57,mstn_032,SHAW | HOWARD UNIV ELEVATOR,http://www.wmata.com/rail/station_detail.cfm?station_id=72,NE CORNER OF S STREET NW AND 7TH STREET NW,1370,Metro Station Entrance,2016-01-08T00:00:00.000Z,green,294838,"1801 7TH ST NW, WASHINGTON, DC 20001",38.914212,-77.021808,10961
57,mstn_032,SHAW | HOWARD UNIV ELEVATOR,http://www.wmata.com/rail/station_detail.cfm?station_id=72,NE CORNER OF S STREET NW AND 7TH STREET NW,1370,Metro Station Entrance,2016-01-08T00:00:00.000Z,yellow,294838,"1801 7TH ST NW, WASHINGTON, DC 20001",38.914212,-77.021808,1370
58,mstn_005,U ST | AFRICAN AMER CIVIL WAR MEM | CARDOZO ELEV,http://www.wmata.com/rail/station_detail.cfm?station_id=73,U STREET NW BETWEEN 12TH ST NW AND 13TH STREET NW,1370,Metro Station Entrance,2016-01-08T00:00:00.000Z,green,294840,"1240 U STREET NW, WASHINGTON, DC 20009",38.9169902,-77.0260055,8028
58,mstn_005,U ST | AFRICAN AMER CIVIL WAR MEM | CARDOZO ELEV,http://www.wmata.com/rail/station_detail.cfm?station_id=73,U STREET NW BETWEEN 12TH ST NW AND 13TH STREET NW,1370,Metro Station Entrance,2016-01-08T00:00:00.000Z,yellow,294840,"1240 U STREET NW, WASHINGTON, DC 20009",38.9169902,-77.0260055,14292
59,mstn_082,VAN DORN ST,http://www.wmata.com/rail/station_detail.cfm?station_id=94,NW CORNER OF EISENHOWER AVE,,Metro Station Entrance,2016-01-08T00:00:00.000Z,blue,,"5690 EISENHOWER AVENUE, ALEXANDRIA, VA 22304",38.7993077,-77.1291115,43837
61,mstn_039,WATERFRONT ELEVATOR,http://www.wmata.com/rail/station_detail.cfm?station_id=83,NE CORNER OF M STREET SW AND 4TH STREET SW,1370,Metro Station Entrance,2016-01-08T00:00:00.000Z,green,294877,"399 M STREET SW, WASHINGTON, DC 20024",38.8764426,-77.0175081,6055
62,mstn_069,NEW CARROLLTON,http://www.wmata.com/rail/station_detail.cfm?station_id=68,WEST SIDE OF GARDEN CITY DR,,Metro Station Entrance,2016-01-08T00:00:00.000Z,orange,,"4700 GARDEN CITY DRIVE, NEW CARROLLTON, MD 20784",,,24978
63,mstn_020,GEORGIA AVE | PETWORTH,http://www.wmata.com/rail/station_detail.cfm?station_id=76,NE CORNER OF GEORGIA AVENUE NW AND NEW HAMPSHIRE AVE NW,1370,Metro Station Entrance,2016-01-08T00:00:00.000Z,green,294832,"3700 GEORGIA AVENUE NW, WASHINGTON, DC 20010",38.9369372,-77.0241656,13892
63,mstn_020,GEORGIA AVE | PETWORTH,http://www.wmata.com/rail/station_detail.cfm?station_id=76,NE CORNER OF GEORGIA AVENUE NW AND NEW HAMPSHIRE AVE NW,1370,Metro Station Entrance,2016-01-08T00:00:00.000Z,yellow,294832,"3700 GEORGIA AVENUE NW, WASHINGTON, DC 20010",38.9369372,-77.0241656,5887
67,mstn_081,TYSONS CORNER ELEVATOR,http://www.wmata.com/rail/station_detail.cfm?station_id=112,NW CORNER OF TYSONS BLVD AND CHAIN BRIDGE RD,,Metro Station Entrance,2016-01-08T00:00:00.000Z,silver,,"1943 CHAIN BRIDGE ROAD, MCLEAN, VA 22102",38.9206007,-77.2223184,6756
68,mstn_029,NOMA | GALLAUDET U | NEW YORK AVE,http://www.wmata.com/rail/station_detail.cfm?station_id=108,NORTH SIDE OF M STREET NE AT INTERSECTION WITH DELAWARE AVENUE NE,1370,Metro Station Entrance,2016-01-08T00:00:00.000Z,red,294857,"201 M STREET NE, WASHINGTON, DC  20002",38.9053987,-77.0028936,2314
69,mstn_057,GLENMONT ELEVATOR,http://www.wmata.com/rail/station_detail.cfm?station_id=34,WEST SIDE OF GEORGIA AVE,,Metro Station Entrance,2016-01-08T00:00:00.000Z,red,,"12502 GEORGIA AVENUE, SILVER SPRING, MD 20906",39.0131192,-77.0417617,13446
70,mstn_021,JUDICIARY SQUARE NE ELEVATOR,http://www.wmata.com/rail/station_detail.cfm?station_id=23,SOUTH SIDE OF F STREET NW BETWEEN 4TH STREET NW AND 5TH STREET NW,1370,Metro Station Entrance,2016-01-08T00:00:00.000Z,red,294829,"450 F STREET NW, WASHINGTON, DC 20001",38.89724677984067,-77.01757528915732,12983
73,mstn_011,EASTERN MARKET,http://www.wmata.com/rail/station_detail.cfm?station_id=60,SOUTH SIDE OF PENNSYLVANIA AVENUE SE BETWEEN 7TH STREET SE AND 8TH STREET SE,1370,Metro Station Entrance,2016-01-08T00:00:00.000Z,blue,294870,"725 PENNSYLVANIA AVENUE SE, WASHINGTON, DC 20003",38.8770813,-76.9785463,2428
73,mstn_011,EASTERN MARKET,http://www.wmata.com/rail/station_detail.cfm?station_id=60,SOUTH SIDE OF PENNSYLVANIA AVENUE SE BETWEEN 7TH STREET SE AND 8TH STREET SE,1370,Metro Station Entrance,2016-01-08T00:00:00.000Z,orange,294870,"725 PENNSYLVANIA AVENUE SE, WASHINGTON, DC 20003",38.8770813,-76.9785463,6566
73,mstn_011,EASTERN MARKET,http://www.wmata.com/rail/station_detail.cfm?station_id=60,SOUTH SIDE OF PENNSYLVANIA AVENUE SE BETWEEN 7TH STREET SE AND 8TH STREET SE,1370,Metro Station Entrance,2016-01-08T00:00:00.000Z,silver,294870,"725 PENNSYLVANIA AVENUE SE, WASHINGTON, DC 20003",38.8770813,-76.9785463,7098
74,mstn_081,TYSONS CORNER ELEVATOR,http://www.wmata.com/rail/station_detail.cfm?station_id=112,SW CORNER OF TYSONS BLVD AND CHAIN BRIDGE RD,,Metro Station Entrance,2016-01-08T00:00:00.000Z,silver,,"1923 CHAIN BRIDGE ROAD, MCLEAN, VA 22102",38.9407391,-77.1747157,4483
76,mstn_089,WIEHLE | RESTON EAST ELEVATOR,http://www.wmata.com/rail/station_detail.cfm?station_id=115,WEST SIDE OF WIEHIE AVE,,Metro Station Entrance,2016-01-08T00:00:00.000Z,silver,,"1864 WIEHLE AVENUE, RESTON, VA 20191",38.948497936556635,-77.33691119424162,14979
77,mstn_024,METRO CENTER,http://www.wmata.com/rail/station_detail.cfm?station_id=1,NE CORNER OF G STREET NW AND 11TH STREET NW,1370,Metro Station Entrance,2016-01-08T00:00:00.000Z,red,294812,"665 11TH STREET NW, WASHINGTON, DC 20005",38.897943635766204,-77.02692573266111,65942
77,mstn_024,METRO CENTER,http://www.wmata.com/rail/station_detail.cfm?station_id=1,NE CORNER OF G STREET NW AND 11TH STREET NW,1370,Metro Station Entrance,2016-01-08T00:00:00.000Z,blue,294812,"665 11TH STREET NW, WASHINGTON, DC 20005",38.897943635766204,-77.02692573266111,11907
77,mstn_024,METRO CENTER,http://www.wmata.com/rail/station_detail.cfm?station_id=1,NE CORNER OF G STREET NW AND 11TH STREET NW,1370,Metro Station Entrance,2016-01-08T00:00:00.000Z,orange,294812,"665 11TH STREET NW, WASHINGTON, DC 20005",38.897943635766204,-77.02692573266111,12938
77,mstn_024,METRO CENTER,http://www.wmata.com/rail/station_detail.cfm?station_id=1,NE CORNER OF G STREET NW AND 11TH STREET NW,1370,Metro Station Entrance,2016-01-08T00:00:00.000Z,silver,294812,"665 11TH STREET NW, WASHINGTON, DC 20005",38.897943635766204,-77.02692573266111,9283
78,mstn_024,METRO CENTER,http://www.wmata.com/rail/station_detail.cfm?station_id=1,NE CORNER OF G STREET NW AND 13TH STREET NW,1370,Metro Station Entrance,2016-01-08T00:00:00.000Z,red,294812,"607 13TH STREET NW, WASHINGTON, DC 20005",38.897507510270515,-77.02951090042446,1468
78,mstn_024,METRO CENTER,http://www.wmata.com/rail/station_detail.cfm?station_id=1,NE CORNER OF G STREET NW AND 13TH STREET NW,1370,Metro Station Entrance,2016-01-08T00:00:00.000Z,blue,294812,"607 13TH STREET NW, WASHINGTON, DC 20005",38.897507510270515,-77.02951090042446,9738
78,mstn_024,METRO CENTER,http://www.wmata.com/rail/station_detail.cfm?station_id=1,NE CORNER OF G STREET NW AND 13TH STREET NW,1370,Metro Station Entrance,2016-01-08T00:00:00.000Z,orange,294812,"607 13TH STREET NW, WASHINGTON, DC 20005",38.897507510270515,-77.02951090042446,10621
78,mstn_024,METRO CENTER,http://www.wmata.com/rail/station_detail.cfm?station_id=1,NE CORNER OF G STREET NW AND 13TH STREET NW,1370,Metro Station Entrance,2016-01-08T00:00:00.000Z,silver,294812,"607 13TH STREET NW, WASHINGTON, DC 20005",38.897507510270515,-77.02951090042446,117428
79,mstn_024,METRO CENTER,http://www.wmata.com/rail/station_detail.cfm?station_id=1,12TH STREET BETWEEN G ST NW AND H ST NW,1370,Metro Station Entrance,2016-01-08T00:00:00.000Z,red,294812,"701 12TH STREET NW, WASHINGTON, DC 20005",38.898439,-77.02797,8250
79,mstn_024,METRO CENTER,http://www.wmata.com/rail/station_detail.cfm?station_id=1,12TH STREET BETWEEN G ST NW AND H ST NW,1370,Metro Station Entrance,2016-01-08T00:00:00.000Z,blue,294812,"701 12TH STREET NW, WASHINGTON, DC 20005",38.898439,-77.02797,13519
79,mstn_024,METRO CENTER,http://www.wmata.com/rail/station_detail.cfm?station_id=1,12TH STREET BETWEEN G ST NW AND H ST NW,1370,Metro Station Entrance,2016-01-08T00:00:00.000Z,orange,294812,"701 12TH STREET NW, WASHINGTON, DC 20005",38.898439,-77.02797,9659
79,mstn_024,METRO CENTER,http://www.wmata.com/rail/station_detail.cfm?station_id=1,12TH STREET BETWEEN G ST NW AND H ST NW,1370,Metro Station Entrance,2016-01-08T00:00:00.000Z,silver,294812,"701 12TH STREET NW, WASHINGTON, DC 20005",38.898439,-77.02797,3108
84,mstn_026,MT VERNON SQ | 7TH ST | CONVENTION CENTER,http://www.wmata.com/rail/station_detail.cfm?station_id=70,SW CORNER OF 7TH STREET NW AND M STREET NW,1370,Metro Station Entrance,2016-01-08T00:00:00.000Z,green,294834,"700 M STREET NW, WASHINGTON, DC 20001",38.9055282,-77.0219332,89393
84,mstn_026,MT VERNON SQ | 7TH ST | CONVENTION CENTER,http://www.wmata.com/rail/station_detail.cfm?station_id=70,SW CORNER OF 7TH STREET NW AND M STREET NW,1370,Metro Station Entrance,2016-01-08T00:00:00.000Z,yellow,294834,"700 M STREET NW, WASHINGTON, DC 20001",38.9055282,-77.0219332,3714
86,mstn_034,STADIUM | ARMORY,http://www.wmata.com/rail/station_detail.cfm?station_id=63,NE CORNER OF 19TH STREET SE AND INDEPENDENCE AVENUE SE,1370,Metro Station Entrance,2016-01-08T00:00:00.000Z,blue,294863,"102 19TH STREET SE, WASHINGTON, DC 20003",38.8883199,-76.97708465722857,6044
86,mstn_034,STADIUM | ARMORY,http://www.wmata.com/rail/station_detail.cfm?station_id=63,NE CORNER OF 19TH STREET SE AND INDEPENDENCE AVENUE SE,1370,Metro Station Entrance,2016-01-08T00:00:00.000Z,orange,294863,"102 19TH STREET SE, WASHINGTON, DC 20003",38.8883199,-76.97708465722857,2121
86,mstn_034,STADIUM | ARMORY,http://www.wmata.com/rail/station_detail.cfm?station_id=63,NE CORNER OF 19TH STREET SE AND INDEPENDENCE AVENUE SE,1370,Metro Station Entrance,2016-01-08T00:00:00.000Z,silver,294863,"102 19TH STREET SE, WASHINGTON, DC 20003",38.8883199,-76.97708465722857,10710
87,mstn_034,STADIUM | ARMORY,http://www.wmata.com/rail/station_detail.cfm?station_id=63,NE CORNER OF 19TH STREET SE AND C STREET SE,1370,Metro Station Entrance,2016-01-08T00:00:00.000Z,blue,294863,"290 19TH STREET SE, WASHINGTON, DC 20003",38.885555482142856,-76.97715560714285,3457
87,mstn_034,STADIUM | ARMORY,http://www.wmata.com/rail/station_detail.cfm?station_id=63,NE CORNER OF 19TH STREET SE AND C STREET SE,1370,Metro Station Entrance,2016-01-08T00:00:00.000Z,orange,294863,"290 19TH STREET SE, WASHINGTON, DC 20003",38.885555482142856,-76.97715560714285,16058
87,mstn_034,STADIUM | ARMORY,http://www.wmata.com/rail/station_detail.cfm?station_id=63,NE CORNER OF 19TH STREET SE AND C STREET SE,1370,Metro Station Entrance,2016-01-08T00:00:00.000Z,silver,294863,"290 19TH STREET SE, WASHINGTON, DC 20003",38.885555482142856,-76.97715560714285,3987
89,mstn_007,COLUMBIA HEIGHTS,http://www.wmata.com/rail/station_detail.cfm?station_id=75,NE CORNER OF IRVING STREET NW AND 14TH STREET NW,1370,Metro Station Entrance,2016-01-08T00:00:00.000Z,green,294815,"3101 14TH STREET NW, WASHINGTON, DC 20009",38.92888095,-77.0324373093242,22558
89,mstn_007,COLUMBIA HEIGHTS,http://www.wmata.com/rail/station_detail.cfm?station_id=75,NE CORNER OF IRVING STREET NW AND 14TH STREET NW,1370,Metro Station Entrance,2016-01-08T00:00:00.000Z,yellow,294815,"3101 14TH STREET NW, WASHINGTON, DC 20009",38.92888095,-77.0324373093242,2920
90,mstn_009,DEANWOOD,http://www.wmata.com/rail/station_detail.cfm?station_id=65,NORTH SIDE OF MINNESOTA AVENUE NE AT 48TH STREET NE,1370,Metro Station Entrance,2016-01-08T00:00:00.000Z,orange,294858,"4701 POLK STREET NE, WASHINGTON, DC 20019",38.9094911,-76.9360454,12554
92,mstn_076,SILVER SPRING,http://www.wmata.com/rail/station_detail.cfm?station_id=31,SE CORNER OF EAST-WEST HWY AND COLESVILE RD,,Metro Station Entrance,2016-01-08T00:00:00.000Z,red,,"8400 COLESVILLE ROAD, SILVER SPRING, MD 20910",38.993617,-77.032148,12028
93,mstn_012,FARRAGUT NORTH ELEVATOR,http://www.wmata.com/rail/station_detail.cfm?station_id=4,NE CORNER OF 17TH STREET NW AND K STREET NW,1370,Metro Station Entrance,2016-01-08T00:00:00.000Z,red,294828,"1705 K STREET NW, WASHINGTON, DC 20036",38.902605,-77.03884214285713,12968
94,mstn_088,WHITE FLINT,http://www.wmata.com/rail/station_detail.cfm?station_id=15,NE CORNER OF ROCKVILLE PIKE AND MARINELLI RD,,Metro Station Entrance,2016-01-08T00:00:00.000Z,red,,"5500 MARINELLI ROAD, ROCKVILLE , MD 20852",,,21855
97,mstn_036,TENLEYTOWN | AU ELEVATOR,http://www.wmata.com/rail/station_detail.cfm?station_id=10,NE CORNER OF ABLEMARLE STREET NW AND WISCONSIN AVENUE NW,1370,Metro Station Entrance,2016-01-08T00:00:00.000Z,red,294846,"4501 WISCONSIN AVENUE NW, WASHINGTON, DC 20016",38.9480661,-77.0793047,13458
98,mstn_010,DUPONT CIRCLE ELEVATOR,http://www.wmata.com/rail/station_detail.cfm?station_id=6,SE CORNER OF 20TH STREET NW AND Q STREET NW,1370,Metro Station Entrance,2016-01-08T00:00:00.000Z,red,294836,"1525 20TH ST NW, WASHINGTON, DC 20036",38.9097455,-77.0435618,12847
99,mstn_040,WOODLEY PARK | ZOO | ADAMS MORGAN ELEVATOR,http://www.wmata.com/rail/station_detail.cfm?station_id=7,SW CORNER OF CONNECTICUT AVENUE NW AND WOODLEY STREET NW,1370,Metro Station Entrance,2016-01-08T00:00:00.000Z,red,294827,"2700 CONNECTICUT AVENUE NW, WASHINGTON, DC 20008",38.9259503,-77.05337396671666,14140
100,mstn_038,VAN NESS | UDC ELEVATOR,http://www.wmata.com/rail/station_detail.cfm?station_id=9,SW CORNER OF CONNECTICUT AVENUE AND VEAZEY STREET NW,1370,Metro Station Entrance,2016-01-08T00:00:00.000Z,red,294824,"4200 CONNECTICUT AVENUE NW, WASHINGTON, DC 20008",38.94359645,-77.06369537202002,5066
102,mstn_075,SHADY GROVE ELEVATOR,http://www.wmata.com/rail/station_detail.cfm?station_id=18,NE CORNER OF REDLAND RD AND SOMERVILLE DR,,Metro Station Entrance,2016-01-08T00:00:00.000Z,red,,"15903 SOMERVILLE DRIVE, ROCKVILLE, MD 20855",39.1199123,-77.1646588,13405
104,mstn_023,MCPHERSON SQUARE ELEVATOR,http://www.wmata.com/rail/station_detail.cfm?station_id=36,SW CORNER OF 14TH STREET NW AND I STREET NW,1370,Metro Station Entrance,2016-01-08T00:00:00.000Z,blue,294841,"1400 I STREET NW, WASHINGTON, DC 20005",38.9011582,-77.0322458,19281
104,mstn_023,MCPHERSON SQUARE ELEVATOR,http://www.wmata.com/rail/station_detail.cfm?station_id=36,SW CORNER OF 14TH STREET NW AND I STREET NW,1370,Metro Station Entrance,2016-01-08T00:00:00.000Z,orange,294841,"1400 I STREET NW, WASHINGTON, DC 20005",38.9011582,-77.0322458,3773
104,mstn_023,MCPHERSON SQUARE ELEVATOR,http://www.wmata.com/rail/station_detail.cfm?station_id=36,SW CORNER OF 14TH STREET NW AND I STREET NW,1370,Metro Station Entrance,2016-01-08T00:00:00.000Z,silver,294841,"1400 I STREET NW, WASHINGTON, DC 20005",38.9011582,-77.0322458,21970
105,mstn_013,FARRAGUT WEST ELEVATOR,http://www.wmata.com/rail/station_detail.cfm?station_id=38,NW CORNER OF 18TH STREET NW AND I STREET NW,1370,Metro Station Entrance,2016-01-08T00:00:00.000Z,blue,294819,"900 18TH STREET NW, WASHINGTON, DC 20006",38.9013497,-77.0404456,31855
105,mstn_013,FARRAGUT WEST ELEVATOR,http://www.wmata.com/rail/station_detail.cfm?station_id=38,NW CORNER OF 18TH STREET NW AND I STREET NW,1370,Metro Station Entrance,2016-01-08T00:00:00.000Z,orange,294819,"900 18TH STREET NW, WASHINGTON, DC 20006",38.9013497,-77.0404456,4401
105,mstn_013,FARRAGUT WEST ELEVATOR,http://www.wmata.com/rail/station_detail.cfm?station_id=38,NW CORNER OF 18TH STREET NW AND I STREET NW,1370,Metro Station Entrance,2016-01-08T00:00:00.000Z,silver,294819,"900 18TH STREET NW, WASHINGTON, DC 20006",38.9013497,-77.0404456,26205
106,mstn_016,FOGGY BOTTOM | GWU ELEVATOR,http://www.wmata.com/rail/station_detail.cfm?station_id=40,NW CORNER OF 23RD STREET NW AND I STREET NW,1370,Metro Station Entrance,2016-01-08T00:00:00.000Z,blue,294821,"2301 I STREET NW, WASHINGTON, DC 20037",38.9008731,-77.05035,15110
106,mstn_016,FOGGY BOTTOM | GWU ELEVATOR,http://www.wmata.com/rail/station_detail.cfm?station_id=40,NW CORNER OF 23RD STREET NW AND I STREET NW,1370,Metro Station Entrance,2016-01-08T00:00:00.000Z,orange,294821,"2301 I STREET NW, WASHINGTON, DC 20037",38.9008731,-77.05035,22752
106,mstn_016,FOGGY BOTTOM | GWU ELEVATOR,http://www.wmata.com/rail/station_detail.cfm?station_id=40,NW CORNER OF 23RD STREET NW AND I STREET NW,1370,Metro Station Entrance,2016-01-08T00:00:00.000Z,silver,294821,"2301 I STREET NW, WASHINGTON, DC 20037",38.9008731,-77.05035,66645
107,mstn_089,WIEHLE | RESTON EAST,http://www.wmata.com/rail/station_detail.cfm?station_id=115,WEST SIDE OF WIEHIE AVE,,Metro Station Entrance,2016-01-08T00:00:00.000Z,silver,,"1858 WIEHLE AVENUE, RESTON, VA 20190",38.950403,-77.335889,7824
110,mstn_069,NEW CARROLLTON ELEVATOR,http://www.wmata.com/rail/station_detail.cfm?station_id=68,WEST SIDE OF GARDEN CITY DR,,Metro Station Entrance,2016-01-08T00:00:00.000Z,orange,,"4201 ELLIN ROAD, NEW CARROLLTON, MD 20784",38.9473711,-76.8802839,4423
115,mstn_027,ARCHIVES | NAVY MEM | PENN QUARTER,http://www.wmata.com/rail/station_detail.cfm?station_id=81,NW CORNER OF 7TH STREET NW AND PENNSYLVANIA AVENUE NW,1370,Metro Station Entrance,2016-01-08T00:00:00.000Z,green,294835,"701 PENNSYLVANIA AVENUE NW, WASHINGTON, DC 20004",38.8936824,-77.0219151,42782
115,mstn_027,ARCHIVES | NAVY MEM | PENN QUARTER,http://www.wmata.com/rail/station_detail.cfm?station_id=81,NW CORNER OF 7TH STREET NW AND PENNSYLVANIA AVENUE NW,1370,Metro Station Entrance,2016-01-08T00:00:00.000Z,yellow,294835,"701 PENNSYLVANIA AVENUE NW, WASHINGTON, DC 20004",38.8936824,-77.0219151,7675
117,mstn_019,GALLERY PL | CHINATOWN,http://www.wmata.com/rail/station_detail.cfm?station_id=21,SE CORNER OF 7TH STREET NW AND H STREET NW,1370,Metro Station Entrance,2016-01-08T00:00:00.000Z,red,294833,"630 H STREET NW, WASHINGTON, DC 20001",38.8997296122449,-77.02058173469388,4244
117,mstn_019,GALLERY PL | CHINATOWN,http://www.wmata.com/rail/station_detail.cfm?station_id=21,SE CORNER OF 7TH STREET NW AND H STREET NW,1370,Metro Station Entrance,2016-01-08T00:00:00.000Z,green,294833,"630 H STREET NW, WASHINGTON, DC 20001",38.8997296122449,-77.02058173469388,3427
117,mstn_019,GALLERY PL | CHINATOWN,http://www.wmata.com/rail/station_detail.cfm?station_id=21,SE CORNER OF 7TH STREET NW AND H STREET NW,1370,Metro Station Entrance,2016-01-08T00:00:00.000Z,yellow,294833,"630 H STREET NW, WASHINGTON, DC 20001",38.8997296122449,-77.02058173469388,16201
118,mstn_019,GALLERY PL | CHINATOWN,http://www.wmata.com/rail/station_detail.cfm?station_id=21,SE CORNER OF 9TH STREET NW AND G STREET NW,1370,Metro Station Entrance,2016-01-08T00:00:00.000Z,red,294833,"625 9TH STREET NW, WASHINGTON, DC 20001",38.89759086638062,-77.02385496080043,7997
118,mstn_019,GALLERY PL | CHINATOWN,http://www.wmata.com/rail/station_detail.cfm?station_id=21,SE CORNER OF 9TH STREET NW AND G STREET NW,1370,Metro Station Entrance,2016-01-08T00:00:00.000Z,green,294833,"625 9TH STREET NW, WASHINGTON, DC 20001",38.89759086638062,-77.02385496080043,20421
118,mstn_019,GALLERY PL | CHINATOWN,http://www.wmata.com/rail/station_detail.cfm?station_id=21,SE CORNER OF 9TH STREET NW AND G STREET NW,1370,Metro Station Entrance,2016-01-08T00:00:00.000Z,yellow,294833,"625 9TH STREET NW, WASHINGTON, DC 20001",38.89759086638062,-77.02385496080043,16052
119,mstn_086,WEST HYATTSVILLE,http://www.wmata.com/rail/station_detail.cfm?station_id=77,WEST SIDE OF JAMESTOWN RD,,Metro Station Entrance,2016-01-08T00:00:00.000Z,green,,"2700 HAMILTON STREET, HYATTSVILLE, MD 20782",38.9552277,-76.96952,9298
120,mstn_022,L'ENFANT PLAZA,http://www.wmata.com/rail/station_detail.cfm?station_id=82,SE CORNER OF 7TH STREET SW AND MARYLAND AVENUE SW,1370,Metro Station Entrance,2016-01-08T00:00:00.000Z,green,294875,"600 MARYLAND AVENUE SW, WASHINGTON, DC 20024",38.8859248,-77.0211087,4288
120,mstn_022,L'ENFANT PLAZA,http://www.wmata.com/rail/station_detail.cfm?station_id=82,SE CORNER OF 7TH STREET SW AND MARYLAND AVENUE SW,1370,Metro Station Entrance,2016-01-08T00:00:00.000Z,yellow,294875,"600 MARYLAND AVENUE SW, WASHINGTON, DC 20024",38.8859248,-77.0211087,2198
120,mstn_022,L'ENFANT PLAZA,http://www.wmata.com/rail/station_detail.cfm?station_id=82,SE CORNER OF 7TH STREET SW AND MARYLAND AVENUE SW,1370,Metro Station Entrance,2016-01-08T00:00:00.000Z,orange,294875,"600 MARYLAND AVENUE SW, WASHINGTON, DC 20024",38.8859248,-77.0211087,6399
120,mstn_022,L'ENFANT PLAZA,http://www.wmata.com/rail/station_detail.cfm?station_id=82,SE CORNER OF 7TH STREET SW AND MARYLAND AVENUE SW,1370,Metro Station Entrance,2016-01-08T00:00:00.000Z,blue,294875,"600 MARYLAND AVENUE SW, WASHINGTON, DC 20024",38.8859248,-77.0211087,23547
120,mstn_022,L'ENFANT PLAZA,http://www.wmata.com/rail/station_detail.cfm?station_id=82,SE CORNER OF 7TH STREET SW AND MARYLAND AVENUE SW,1370,Metro Station Entrance,2016-01-08T00:00:00.000Z,silver,294875,"600 MARYLAND AVENUE SW, WASHINGTON, DC 20024",38.8859248,-77.0211087,12387
121,mstn_041,BETHESDA ELEVATOR,http://www.wmata.com/rail/station_detail.cfm?station_id=12,NW CORNER OF MONTGOMERY LN AND MD-355 S,,Metro Station Entrance,2016-01-08T00:00:00.000Z,red,,"7450 WISCONSIN AVENUE, BETHESDA, MD 20814",38.984213,-77.094341,2877
122,mstn_073,ROCKVILLE,http://www.wmata.com/rail/station_detail.cfm?station_id=17,SOUTH SIDE OF PARK RD BETWEEN MD-355 N AND S STONESTREET AVE,,Metro Station Entrance,2016-01-08T00:00:00.000Z,red,,"399 SOUTH STONESTREET AVENUE, ROCKVILLE, MD 20850",39.08444,-77.144946,11891
124,mstn_074,ROSSLYN,http://www.wmata.com/rail/station_detail.cfm?station_id=41,N MOORE ST BETWEEN 19TH ST N AND WILSON BLVD,,Metro Station Entrance,2016-01-08T00:00:00.000Z,orange,,"1850 NORTH MOORE STREET, ARLINGTON,VA 22209",38.8959791,-77.0709087,4132
124,mstn_074,ROSSLYN,http://www.wmata.com/rail/station_detail.cfm?station_id=41,N MOORE ST BETWEEN 19TH ST N AND WILSON BLVD,,Metro Station Entrance,2016-01-08T00:00:00.000Z,silver,,"1850 NORTH MOORE STREET, ARLINGTON,VA 22209",38.8959791,-77.0709087,11662
124,mstn_074,ROSSLYN,http://www.wmata.com/rail/station_detail.cfm?station_id=41,N MOORE ST BETWEEN 19TH ST N AND WILSON BLVD,,Metro Station Entrance,2016-01-08T00:00:00.000Z,blue,,"1850 NORTH MOORE STREET, ARLINGTON,VA 22209",38.8959791,-77.0709087,10599
127,mstn_022,L'ENFANT PLAZA,http://www.wmata.com/rail/station_detail.cfm?station_id=82,SE CORNER OF 9TH STREET SW AND D STREET SW,1370,Metro Station Entrance,2016-01-08T00:00:00.000Z,green,294875,"800 D STREET SW, WASHINGTON, DC 20024",38.88475477435977,-77.0229884470585,28685
127,mstn_022,L'ENFANT PLAZA,http://www.wmata.com/rail/station_detail.cfm?station_id=82,SE CORNER OF 9TH STREET SW AND D STREET SW,1370,Metro Station Entrance,2016-01-08T00:00:00.000Z,yellow,294875,"800 D STREET SW, WASHINGTON, DC 20024",38.88475477435977,-77.0229884470585,2522
127,mstn_022,L'ENFANT PLAZA,http://www.wmata.com/rail/station_detail.cfm?station_id=82,SE CORNER OF 9TH STREET SW AND D STREET SW,1370,Metro Station Entrance,2016-01-08T00:00:00.000Z,orange,294875,"800 D STREET SW, WASHINGTON, DC 20024",38.88475477435977,-77.0229884470585,3915
127,mstn_022,L'ENFANT PLAZA,http://www.wmata.com/rail/station_detail.cfm?station_id=82,SE CORNER OF 9TH STREET SW AND D STREET SW,1370,Metro Station Entrance,2016-01-08T00:00:00.000Z,blue,294875,"800 D STREET SW, WASHINGTON, DC 20024",38.88475477435977,-77.0229884470585,16737
127,mstn_022,L'ENFANT PLAZA,http://www.wmata.com/rail/station_detail.cfm?station_id=82,SE CORNER OF 9TH STREET SW AND D STREET SW,1370,Metro Station Entrance,2016-01-08T00:00:00.000Z,silver,294875,"800 D STREET SW, WASHINGTON, DC 20024",38.88475477435977,-77.0229884470585,16716
128,mstn_028,NAVY YARD-BALLPARK,http://www.wmata.com/rail/station_detail.cfm?station_id=84,NW CORNER OF HALF STREET SE AND M STREET SE,1370,Metro Station Entrance,2016-01-08T00:00:00.000Z,green,294869,"200 M STREET SE, WASHINGTON, DC 20003",38.876563,-77.003367,16737
130,mstn_032,SHAW | HOWARD UNIV,http://www.wmata.com/rail/station_detail.cfm?station_id=72,R ST NW BETWEEN 7TH ST NW AND 8TH ST NW,1370,Metro Station Entrance,2016-01-08T00:00:00.000Z,green,294838,"1701 8TH STREET NW, WASHINGTON, DC 20001",38.9134707,-77.0219174,17698
130,mstn_032,SHAW | HOWARD UNIV,http://www.wmata.com/rail/station_detail.cfm?station_id=72,R ST NW BETWEEN 7TH ST NW AND 8TH ST NW,1370,Metro Station Entrance,2016-01-08T00:00:00.000Z,yellow,294838,"1701 8TH STREET NW, WASHINGTON, DC 20001",38.9134707,-77.0219174,31129
132,mstn_005,U ST | AFRICAN AMER CIVIL WAR MEM | CARDOZO,http://www.wmata.com/rail/station_detail.cfm?station_id=73,SW CORNER OF U STREET NW AND VERMONT AVENUE NW,1370,Metro Station Entrance,2016-01-08T00:00:00.000Z,green,294840,"1000 U STREET NW, WASHINGTON, DC 20009",38.9167648,-77.0263015,7296
132,mstn_005,U ST | AFRICAN AMER CIVIL WAR MEM | CARDOZO,http://www.wmata.com/rail/station_detail.cfm?station_id=73,SW CORNER OF U STREET NW AND VERMONT AVENUE NW,1370,Metro Station Entrance,2016-01-08T00:00:00.000Z,yellow,294840,"1000 U STREET NW, WASHINGTON, DC 20009",38.9167648,-77.0263015,21361
134,mstn_042,BRANCH AVENUE,http://www.wmata.com/rail/station_detail.cfm?station_id=89,WEST SIDE OF OLD SOPER RD BETWEEN AUTH WAY AND CAPITAL GATEWAY DR,,Metro Station Entrance,2016-01-08T00:00:00.000Z,green,,"4704 OLD SOPER ROAD, SUITLAND, MD 20746",38.8268521,-76.9120843,7891
137,mstn_058,GREENBELT,http://www.wmata.com/rail/station_detail.cfm?station_id=80,NE CORNER OF 53RD AVE AND LACKAWANNA ST,,Metro Station Entrance,2016-01-08T00:00:00.000Z,green,,"5717 GREENBELT METRO DRIVE, GREENBELT, MD 20740",39.0099993,-76.9125366,101215
139,mstn_079,SUITLAND,http://www.wmata.com/rail/station_detail.cfm?station_id=88,NORTH SIDE OF SILVER HILL RD,,Metro Station Entrance,2016-01-08T00:00:00.000Z,green,,"4500 SILVER HILL ROAD, SUITLAND, MD 20746",38.8444841,-76.9326657,19863
140,mstn_066,MEDICAL CENTER,http://www.wmata.com/rail/station_detail.cfm?station_id=13,SW SIDE OF SOUTH DR AND ROCKVILLE PIKE,,Metro Station Entrance,2016-01-08T00:00:00.000Z,red,,"8810 ROCKVILLE PIKE, BETHESDA, MD 20814",38.9988498,-77.0968366,1993
143,mstn_073,ROCKVILLE,http://www.wmata.com/rail/station_detail.cfm?station_id=17,SOUTH SIDE OF PARK RD BETWEEN MD-355 N AND S STONESTREET AVE,,Metro Station Entrance,2016-01-08T00:00:00.000Z,red,,"251 HUNGERFORD DRIVE, ROCKVILLE, MD 20850",39.0841518,-77.1460645,10664
144,mstn_037,UNION STATION,http://www.wmata.com/rail/station_detail.cfm?station_id=25,NE CORNER OF 1ST STREET NE AND MASSACHUSETTS AVENUE NE,1370,Metro Station Entrance,2016-01-08T00:00:00.000Z,red,294849,"625 1ST STREET NE, WASHINGTON, DC 20002",38.897094975609754,-77.00765980487805,3404
146,mstn_076,SILVER SPRING,http://www.wmata.com/rail/station_detail.cfm?station_id=31,COLESVILE RD BETWEEN EAST_WEST HWY AND WAYNE AVE,,Metro Station Entrance,2016-01-08T00:00:00.000Z,red,,"8401 COLESVILLE ROAD, SILVER SPRING, MD 20910",38.9949683,-77.031233,19731
148,mstn_035,TAKOMA ELEVATOR,http://www.wmata.com/rail/station_detail.cfm?station_id=29,NE SIDE OF CEDAR STREET NW AND BLAIR ROAD NW,1370,Metro Station Entrance,2016-01-08T00:00:00.000Z,red,294822,"327 CEDAR STREET NW, WASHINGTON, DC 20012",38.97484959713704,-77.01778482004073,12417
151,mstn_037,UNION STATION,http://www.wmata.com/rail/station_detail.cfm?station_id=25,NE CORNER OF MASSACHUSETTS AVE NE AND 1 ST NE,1370,Metro Station Entrance,2016-01-08T00:00:00.000Z,red,294849,"701 1ST STREET NE, WASHINGTON, DC 20002",38.8974844,-77.0071998,85330
158,mstn_030,POTOMAC AVE,http://www.wmata.com/rail/station_detail.cfm?station_id=61,NE CORNER OF 14TH STREET SE AND POTOMAC AVENUE SE,1370,Metro Station Entrance,2016-01-08T00:00:00.000Z,blue,294861,"700 14TH STREET SE, WASHINGTON , DC  20003",38.8812969,-76.9851996,23768
158,mstn_030,POTOMAC AVE,http://www.wmata.com/rail/station_detail.cfm?station_id=61,NE CORNER OF 14TH STREET SE AND POTOMAC AVENUE SE,1370,Metro Station Entrance,2016-01-08T00:00:00.000Z,orange,294861,"700 14TH STREET SE, WASHINGTON , DC  20003",38.8812969,-76.9851996,3011
158,mstn_030,POTOMAC AVE,http://www.wmata.com/rail/station_detail.cfm?station_id=61,NE CORNER OF 14TH STREET SE AND POTOMAC AVENUE SE,1370,Metro Station Entrance,2016-01-08T00:00:00.000Z,silver,294861,"700 14TH STREET SE, WASHINGTON , DC  20003",38.8812969,-76.9851996,7157
160,mstn_004,CAPITOL SOUTH,http://www.wmata.com/rail/station_detail.cfm?station_id=59,WEST SIDE OF 1ST STREET SE BETWEEN C STREET SE AND D STREET SE,1370,Metro Station Entrance,2016-01-08T00:00:00.000Z,blue,294860,"355 FIRST STREET SE, WASHINGTON, DC 20003",38.8716329,-77.005766,14993
160,mstn_004,CAPITOL SOUTH,http://www.wmata.com/rail/station_detail.cfm?station_id=59,WEST SIDE OF 1ST STREET SE BETWEEN C STREET SE AND D STREET SE,1370,Metro Station Entrance,2016-01-08T00:00:00.000Z,orange,294860,"355 FIRST STREET SE, WASHINGTON, DC 20003",38.8716329,-77.005766,2834
160,mstn_004,CAPITOL SOUTH,http://www.wmata.com/rail/station_detail.cfm?station_id=59,WEST SIDE OF 1ST STREET SE BETWEEN C STREET SE AND D STREET SE,1370,Metro Station Entrance,2016-01-08T00:00:00.000Z,silver,294860,"355 FIRST STREET SE, WASHINGTON, DC 20003",38.8716329,-77.005766,25039
161,mstn_071,PENTAGON CITY,http://www.wmata.com/rail/station_detail.cfm?station_id=44,SE CORNER OF S HAYES ST AND 12TH ST S,,Metro Station Entrance,2016-01-08T00:00:00.000Z,blue,,"1250 SOUTH HAYES STREET, ARLINGTON, VA 22202",38.8630421,-77.059427,83491
161,mstn_071,PENTAGON CITY,http://www.wmata.com/rail/station_detail.cfm?station_id=44,SE CORNER OF S HAYES ST AND 12TH ST S,,Metro Station Entrance,2016-01-08T00:00:00.000Z,yellow,,"1250 SOUTH HAYES STREET, ARLINGTON, VA 22202",38.8630421,-77.059427,28080
164,mstn_050,CRYSTAL CITY,http://www.wmata.com/rail/station_detail.cfm?station_id=45,NW CORNER OF 18TH ST AND S BELL ST,,Metro Station Entrance,2016-01-08T00:00:00.000Z,blue,,"1750 SOUTH CLARK STREET, ARLINGTON, VA 22202",38.858046249307186,-77.0516035157549,15586
164,mstn_050,CRYSTAL CITY,http://www.wmata.com/rail/station_detail.cfm?station_id=45,NW CORNER OF 18TH ST AND S BELL ST,,Metro Station Entrance,2016-01-08T00:00:00.000Z,yellow,,"1750 SOUTH CLARK STREET, ARLINGTON, VA 22202",38.858046249307186,-77.0516035157549,21698
170,mstn_042,BRADDOCK ROAD,http://www.wmata.com/rail/station_detail.cfm?station_id=47,NW CORNER OF MT VERNON AVE AND E BRADDOCK RD,,Metro Station Entrance,2016-01-08T00:00:00.000Z,blue,,"700 NORTH WEST STREET, ALEXANDRIA, VA 22301",38.814146,-77.0536699,11397
170,mstn_042,BRADDOCK ROAD,http://www.wmata.com/rail/station_detail.cfm?station_id=47,NW CORNER OF MT VERNON AVE AND E BRADDOCK RD,,Metro Station Entrance,2016-01-08T00:00:00.000Z,yellow,,"700 NORTH WEST STREET, ALEXANDRIA, VA 22301",38.814146,-77.0536699,42261
171,mstn_052,E FALLS CHURCH,http://www.wmata.com/rail/station_detail.cfm?station_id=100,BY N SYCAMORE ST AND I 66 HWY,,Metro Station Entrance,2016-01-08T00:00:00.000Z,orange,,"2001 NORTH SYCAMORE STREET, ARLINGTON, VA 22205",38.8859763,-77.1568243,2379
171,mstn_052,E FALLS CHURCH,http://www.wmata.com/rail/station_detail.cfm?station_id=100,BY N SYCAMORE ST AND I 66 HWY,,Metro Station Entrance,2016-01-08T00:00:00.000Z,silver,,"2001 NORTH SYCAMORE STREET, ARLINGTON, VA 22205",38.8859763,-77.1568243,32000
175,mstn_059,GREENSBORO,http://www.wmata.com/rail/station_detail.cfm?station_id=113,EAST BOUND VA-7 ELEESBURG PIKE,,Metro Station Entrance,2016-01-08T00:00:00.000Z,silver,,"8305 LEESBURG PIKE, VIENNA VA 22102",38.9211119,-77.2340047,12203
179,mstn_001,ANACOSTIA,http://www.wmata.com/rail/station_detail.cfm?station_id=85,NE CORNER OF HOWARD ROAD SE AND I - 295 SE,1370,Metro Station Entrance,2016-01-08T00:00:00.000Z,green,294867,"1700 ANACOSTIA DRIVE SE, WASHINGTON, DC 20020",38.8777394,-76.9719771,11202
181,mstn_019,GALLERY PL | CHINATOWN,http://www.wmata.com/rail/station_detail.cfm?station_id=21,NE CORNER OF 7TH STREET NW AND F STREET NW,1370,Metro Station Entrance,2016-01-08T00:00:00.000Z,red,294833,"625 7TH STREET NW, WASHINGTON, DC 20001",38.89759886090131,-77.02180624992145,48843
181,mstn_019,GALLERY PL | CHINATOWN,http://www.wmata.com/rail/station_detail.cfm?station_id=21,NE CORNER OF 7TH STREET NW AND F STREET NW,1370,Metro Station Entrance,2016-01-08T00:00:00.000Z,green,294833,"625 7TH STREET NW, WASHINGTON, DC 20001",38.89759886090131,-77.02180624992145,2900
181,mstn_019,GALLERY PL | CHINATOWN,http://www.wmata.com/rail/station_detail.cfm?station_id=21,NE CORNER OF 7TH STREET NW AND F STREET NW,1370,Metro Station Entrance,2016-01-08T00:00:00.000Z,yellow,294833,"625 7TH STREET NW, WASHINGTON, DC 20001",38.89759886090131,-77.02180624992145,84404
184,mstn_023,MCPHERSON SQUARE,http://www.wmata.com/rail/station_detail.cfm?station_id=36,SW CORNER OF VERMONT AVENUE NW AND I STREET NW,1370,Metro Station Entrance,2016-01-08T00:00:00.000Z,blue,294841,"820 VERMONT ST NW, WASHINGTON, DC 20005",38.9165067,-77.0256692,5365
184,mstn_023,MCPHERSON SQUARE,http://www.wmata.com/rail/station_detail.cfm?station_id=36,SW CORNER OF VERMONT AVENUE NW AND I STREET NW,1370,Metro Station Entrance,2016-01-08T00:00:00.000Z,orange,294841,"820 VERMONT ST NW, WASHINGTON, DC 20005",38.9165067,-77.0256692,8121
184,mstn_023,MCPHERSON SQUARE,http://www.wmata.com/rail/station_detail.cfm?station_id=36,SW CORNER OF VERMONT AVENUE NW AND I STREET NW,1370,Metro Station Entrance,2016-01-08T00:00:00.000Z,silver,294841,"820 VERMONT ST NW, WASHINGTON, DC 20005",38.9165067,-77.0256692,6108
187,mstn_024,METRO CENTER,http://www.wmata.com/rail/station_detail.cfm?station_id=1,SW CORNER OF 12TH ST NW AND F ST NW,1370,Metro Station Entrance,2016-01-08T00:00:00.000Z,red,294812,"1200 F STREET NW, WASHINGTON, DC 20005",38.897184,-77.0284223,4365
187,mstn_024,METRO CENTER,http://www.wmata.com/rail/station_detail.cfm?station_id=1,SW CORNER OF 12TH ST NW AND F ST NW,1370,Metro Station Entrance,2016-01-08T00:00:00.000Z,blue,294812,"1200 F STREET NW, WASHINGTON, DC 20005",38.897184,-77.0284223,5711
187,mstn_024,METRO CENTER,http://www.wmata.com/rail/station_detail.cfm?station_id=1,SW CORNER OF 12TH ST NW AND F ST NW,1370,Metro Station Entrance,2016-01-08T00:00:00.000Z,orange,294812,"1200 F STREET NW, WASHINGTON, DC 20005",38.897184,-77.0284223,21113
187,mstn_024,METRO CENTER,http://www.wmata.com/rail/station_detail.cfm?station_id=1,SW CORNER OF 12TH ST NW AND F ST NW,1370,Metro Station Entrance,2016-01-08T00:00:00.000Z,silver,294812,"1200 F STREET NW, WASHINGTON, DC 20005",38.897184,-77.0284223,18411
189,mstn_029,NOMA | GALLAUDET U | NEW YORK AVE,http://www.wmata.com/rail/station_detail.cfm?station_id=108,EAST SIDE OF 2ND STREET NE AT INTERSECTION WITH N STREET NE,1370,Metro Station Entrance,2016-01-08T00:00:00.000Z,red,294857,"200 FLORIDA AVENUE NE, WASHINGTON, DC  20002",38.9070253,-77.0031528,17282
190,mstn_031,RHODE ISLAND AVE | BRENTWOOD,http://www.wmata.com/rail/station_detail.cfm?station_id=26,SOUTH SIDE OF RHODE ISLAND AVENUE NE AT RHODE ISLAND PLACE SHOPPING CENTER,1370,Metro Station Entrance,2016-01-08T00:00:00.000Z,red,294859,"919 RHODE ISLAND AVENUE NE, WASHINGTON, DC 20018",38.9208202,-76.9959733,8169
191,mstn_033,SMITHSONIAN,http://www.wmata.com/rail/station_detail.cfm?station_id=54,SW CORNER OF INDEPENDENCE AVENUE SW AND 12TH STREET SW,1370,Metro Station Entrance,2016-01-08T00:00:00.000Z,blue,294876,"1200 INDEPENDENCE AVENUE SW, WASHINGTON, DC 20004",38.8875715,-77.0278309,8044
191,mstn_033,SMITHSONIAN,http://www.wmata.com/rail/station_detail.cfm?station_id=54,SW CORNER OF INDEPENDENCE AVENUE SW AND 12TH STREET SW,1370,Metro Station Entrance,2016-01-08T00:00:00.000Z,orange,294876,"1200 INDEPENDENCE AVENUE SW, WASHINGTON, DC 20004",38.8875715,-77.0278309,30005
191,mstn_033,SMITHSONIAN,http://www.wmata.com/rail/station_detail.cfm?station_id=54,SW CORNER OF INDEPENDENCE AVENUE SW AND 12TH STREET SW,1370,Metro Station Entrance,2016-01-08T00:00:00.000Z,silver,294876,"1200 INDEPENDENCE AVENUE SW, WASHINGTON, DC 20004",38.8875715,-77.0278309,22828
192,mstn_022,L'ENFANT PLAZA,http://www.wmata.com/rail/station_detail.cfm?station_id=82,SOUTH SIDE OF D STREET SW BETWEEN 6TH STREET SW AND 7TH STREET SW,1370,Metro Station Entrance,2016-01-08T00:00:00.000Z,green,294875,"400 7TH STREET SW, WASHINGTON, DC 20024",38.8842141,-77.0215121,22558
192,mstn_022,L'ENFANT PLAZA,http://www.wmata.com/rail/station_detail.cfm?station_id=82,SOUTH SIDE OF D STREET SW BETWEEN 6TH STREET SW AND 7TH STREET SW,1370,Metro Station Entrance,2016-01-08T00:00:00.000Z,yellow,294875,"400 7TH STREET SW, WASHINGTON, DC 20024",38.8842141,-77.0215121,36895
192,mstn_022,L'ENFANT PLAZA,http://www.wmata.com/rail/station_detail.cfm?station_id=82,SOUTH SIDE OF D STREET SW BETWEEN 6TH STREET SW AND 7TH STREET SW,1370,Metro Station Entrance,2016-01-08T00:00:00.000Z,orange,294875,"400 7TH STREET SW, WASHINGTON, DC 20024",38.8842141,-77.0215121,10212
192,mstn_022,L'ENFANT PLAZA,http://www.wmata.com/rail/station_detail.cfm?station_id=82,SOUTH SIDE OF D STREET SW BETWEEN 6TH STREET SW AND 7TH STREET SW,1370,Metro Station Entrance,2016-01-08T00:00:00.000Z,blue,294875,"400 7TH STREET SW, WASHINGTON, DC 20024",38.8842141,-77.0215121,19777
192,mstn_022,L'ENFANT PLAZA,http://www.wmata.com/rail/station_detail.cfm?station_id=82,SOUTH SIDE OF D STREET SW BETWEEN 6TH STREET SW AND 7TH STREET SW,1370,Metro Station Entrance,2016-01-08T00:00:00.000Z,silver,294875,"400 7TH STREET SW, WASHINGTON, DC 20024",38.8842141,-77.0215121,7333
194,mstn_072,PRINCE GEORGES PLAZA,http://www.wmata.com/rail/station_detail.cfm?station_id=78,SW CORNER OF EAST-WEST HWY AND BELCREST CENTER DR,,Metro Station Entrance,2016-01-08T00:00:00.000Z,green,,"3575 EAST WEST HIGHWAY, HYATTSVILLE, MD 20782",38.9653276,-76.9563393,11019
195,mstn_063,LANDOVER,http://www.wmata.com/rail/station_detail.cfm?station_id=67,EAST SIDE OF US-50 E,,Metro Station Entrance,2016-01-08T00:00:00.000Z,orange,,"3000 PENNSY DRIVE, HYATTSVILLE, MD 20785",38.933506550000004,-76.89125757906534,18133
196,mstn_080,TWINBROOK,http://www.wmata.com/rail/station_detail.cfm?station_id=16,WEST SIDE OF CHAPMAN AVE,,Metro Station Entrance,2016-01-08T00:00:00.000Z,red,,"1600 CHAPMAN AVENUE, ROCKVILLE, MD 20852",39.06302435,-77.12211536557753,4412
197,mstn_021,JUDICIARY SQUARE,http://www.wmata.com/rail/station_detail.cfm?station_id=23,NE CORNER OF 4TH STREET NW AND INDIANA AVENUE NW,1370,Metro Station Entrance,2016-01-08T00:00:00.000Z,red,294829,"435 4TH STREET NW, WASHINGTON, DC 20001",38.895265814077305,-77.0160727336851,81042
202,mstn_033,SMITHSONIAN,http://www.wmata.com/rail/station_detail.cfm?station_id=54,JEFFERSON DRIVE SW BETWEEN 12TH ST SW and 13TH ST NW,1370,Metro Station Entrance,2016-01-08T00:00:00.000Z,blue,294876,"1201 JEFFERSON DRIVE SW, WASHINGTON, DC 20004",38.888731,-77.028106,26515
202,mstn_033,SMITHSONIAN,http://www.wmata.com/rail/station_detail.cfm?station_id=54,JEFFERSON DRIVE SW BETWEEN 12TH ST SW and 13TH ST NW,1370,Metro Station Entrance,2016-01-08T00:00:00.000Z,orange,294876,"1201 JEFFERSON DRIVE SW, WASHINGTON, DC 20004",38.888731,-77.028106,8632
202,mstn_033,SMITHSONIAN,http://www.wmata.com/rail/station_detail.cfm?station_id=54,JEFFERSON DRIVE SW BETWEEN 12TH ST SW and 13TH ST NW,1370,Metro Station Entrance,2016-01-08T00:00:00.000Z,silver,294876,"1201 JEFFERSON DRIVE SW, WASHINGTON, DC 20004",38.888731,-77.028106,4380
214,mstn_006,CLEVELAND PARK,http://www.wmata.com/rail/station_detail.cfm?station_id=8,WEST SIDE OF CONNECTICUT AVENUE NW BETWEEN PORTER STREET NW AND ORDWAY STREET NW,1370,Metro Station Entrance,2016-01-08T00:00:00.000Z,red,294817,"3516 CONNECTICUT AVENUE NW, WASHINGTON, DC 20008",38.9361146,-77.05912605000695,8522
215,mstn_056,FRIENDSHIP HEIGHTS,http://www.wmata.com/rail/station_detail.cfm?station_id=11,NE SIDE OF WESTERN AVE AND MD-355 S,,Metro Station Entrance,2016-01-08T00:00:00.000Z,red,,"5337 WISCONSIN AVENUE NW, WASHINGTON, DC 20015",38.9602007,-77.0851569,9812
216,mstn_018,FRIENDSHIP HEIGHTS ELEVATOR,http://www.wmata.com/rail/station_detail.cfm?station_id=11,WEST SIDE OF WISCONSIN AVENUE NW BETWEEN JENIFER STREET NW AND INGOMAR STREET NW,1370,Metro Station Entrance,2016-01-08T00:00:00.000Z,red,294847,"5250 WISCONSIN AVENUE NW, WASHINGTON, DC 20015",38.95840021052632,-77.0846297368421,3670
218,mstn_015,FEDERAL TRIANGLE ELEVATOR,http://www.wmata.com/rail/station_detail.cfm?station_id=53,RONALD REAGAN BUILDING - WEST SIDE OF 12TH STREET NW BETWEEN PENNSYLVANIA AVENUE NW AND CONSTITUTION AVENUE NW,1370,Metro Station Entrance,2016-01-08T00:00:00.000Z,blue,294809,"302 12TH STREET NW, WASHINGTON, DC 20004",38.8934583,-77.0280297,4373
218,mstn_015,FEDERAL TRIANGLE ELEVATOR,http://www.wmata.com/rail/station_detail.cfm?station_id=53,RONALD REAGAN BUILDING - WEST SIDE OF 12TH STREET NW BETWEEN PENNSYLVANIA AVENUE NW AND CONSTITUTION AVENUE NW,1370,Metro Station Entrance,2016-01-08T00:00:00.000Z,orange,294809,"302 12TH STREET NW, WASHINGTON, DC 20004",38.8934583,-77.0280297,16809
218,mstn_015,FEDERAL TRIANGLE ELEVATOR,http://www.wmata.com/rail/station_detail.cfm?station_id=53,RONALD REAGAN BUILDING - WEST SIDE OF 12TH STREET NW BETWEEN PENNSYLVANIA AVENUE NW AND CONSTITUTION AVENUE NW,1370,Metro Station Entrance,2016-01-08T00:00:00.000Z,silver,294809,"302 12TH STREET NW, WASHINGTON, DC 20004",38.8934583,-77.0280297,46308
220,mstn_006,CLEVELAND PARK,http://www.wmata.com/rail/station_detail.cfm?station_id=8,EAST SIDE OF CONNECTICUT AVENUE NW BETWEEN PORTER STREET NW AND ORDWAY STREET NW,1370,Metro Station Entrance,2016-01-08T00:00:00.000Z,red,294817,"3599 CONNECTICUT AVENUE NW, WASHINGTON, DC 20008",38.9359794,-77.05854053761024,6695
222,mstn_064,LARGO TOWN CENTER,http://www.wmata.com/rail/station_detail.cfm?station_id=109,WEST SIDE OF LOTTSFORD RD BETWEEN GRAND BLVD AND N HARRY S TRUMAN DR,,Metro Station Entrance,2016-01-08T00:00:00.000Z,silver,,"9000 LOTTSFORD ROAD, LARGO, MD 20774",38.9004838,-76.8446482,10127
222,mstn_064,LARGO TOWN CENTER,http://www.wmata.com/rail/station_detail.cfm?station_id=109,WEST SIDE OF LOTTSFORD RD BETWEEN GRAND BLVD AND N HARRY S TRUMAN DR,,Metro Station Entrance,2016-01-08T00:00:00.000Z,blue,,"9000 LOTTSFORD ROAD, LARGO, MD 20774",38.9004838,-76.8446482,11026
227,mstn_013,FARRAGUT WEST,http://www.wmata.com/rail/station_detail.cfm?station_id=38,SE CORNER OF 17TH STREET NW AND I STREET NW,1370,Metro Station Entrance,2016-01-08T00:00:00.000Z,blue,294819,"837 17TH STREET NW, WASHINGTON, DC 20006",38.900657101893145,-77.03933902941748,26098
227,mstn_013,FARRAGUT WEST,http://www.wmata.com/rail/station_detail.cfm?station_id=38,SE CORNER OF 17TH STREET NW AND I STREET NW,1370,Metro Station Entrance,2016-01-08T00:00:00.000Z,orange,294819,"837 17TH STREET NW, WASHINGTON, DC 20006",38.900657101893145,-77.03933902941748,86122
227,mstn_013,FARRAGUT WEST,http://www.wmata.com/rail/station_detail.cfm?station_id=38,SE CORNER OF 17TH STREET NW AND I STREET NW,1370,Metro Station Entrance,2016-01-08T00:00:00.000Z,silver,294819,"837 17TH STREET NW, WASHINGTON, DC 20006",38.900657101893145,-77.03933902941748,4642
230,mstn_012,FARRAGUT NORTH,http://www.wmata.com/rail/station_detail.cfm?station_id=4,SW CORNER OF L STREET NW AND CONNECTICUT AVENUE NW,1370,Metro Station Entrance,2016-01-08T00:00:00.000Z,red,294828,"1720 L STREET NW, WASHINGTON, DC 20036",38.903659049999995,-77.04019965,1196
231,mstn_012,FARRAGUT NORTH,http://www.wmata.com/rail/station_detail.cfm?station_id=4,NE CORNER OF L STREET NW AND CONNECTICUT AVENUE NW,1370,Metro Station Entrance,2016-01-08T00:00:00.000Z,red,294828,"1717 L STREET NW, WASHINGTON, DC 20036",38.903823,-77.039849,5911
